Company,Job Links
Accenture,https://www.accenture.com/us-en/careers
Cognizant,https://careers.cognizant.com/
Deloitte Consulting LLP,https://www2.deloitte.com/us/en/careers/careers.html
Grant Thornton LLP,https://www.grantthornton.com/careers
Helios Consulting Inc.,https://helios.consulting/careers/
IBM,https://www.ibm.com/careers/search
KPMG LLP,https://kpmg.com/xx/en/careers.html
Protiviti Inc.,https://www.protiviti.com/us-en/careers
PwC,https://www.pwc.com/us/en/careers.html
Red Barn Partners,https://www.glassdoor.com/Jobs/Redbarn-Jobs-E30415.htm
Skillcentrix LLC,https://skillcentrix.com/careers
"Solution Architects Group, LLC.",https://calcareers.ca.gov/
"Syssero, Inc",https://syssero.com/careers/
ABeam Consulting,https://www.abeam.com/am/en/careers/
Company,Job Links
Aberdeen Services,"https://www.indeed.com/l-Aberdeen,-NC-jobs.html"
Active Cyber LLC,https://calcareers.ca.gov/
Advise Now SAS,https://www.sas.com/en_us/careers.html
Alchemy,https://www.alchemy.com/careers
Amaris,https://careers.amaris.com/
Armanino LLP,https://www.armanino.com/careers/
Avaap,https://avaap.com/careers/careers-detail/
BGSF,https://jobs.bgsf.com/jobsearch
BNB,https://careers.airbnb.com/
Caber Resource Group,https://connexusresourcegroup.com/careers/
Capgemini,https://jobs.capgemini.com/
"CapTech Ventures, Inc.",https://www.captechconsulting.com/careers
CloudRock,https://www.wearecloudrock.com/careers
Commit Consulting,https://careers.paconsulting.com/
Coreteam,https://www.costco.com/careers.html
CrossVue,https://www.crossvue.com/careers/
Company,Job Links
Datacom,https://www.datacomsystems.com/careers/
DayConnect B.V.,https://www.careerbuilder.com/
Dexian,https://dexian.com/about-us/careers/
DXC Technology,https://careers.dxc.com/
Dynamic Computing Services,https://dcshq.com/careers/
E1 Consulting LLC,https://www.ey.com/en_us/careers/consulting
EnterpriseMarketdesk,https://www.usajobs.gov/
ERPA,https://www.erpa.com/about/careers/
Experis,https://www.experis.com/en/careers
EZECloud Consulting,https://www.ezecloudconsulting.com/careers.php
Focus Cloud Group,https://careers.focuscloud.org/
G-Able,https://www.google.com/about/careers/applications/jobs/results/
Genpact,https://www.genpact.com/careers
Glyde Consulting LLC,https://www.linkedin.com/jobs
GQR,https://www.gqr.com/jobs
Groundswell,https://groundswell.wd12.myworkdayjobs.com/groundswell
Guidehouse,https://guidehouse.com/careers/
Hale International,https://www.usajobs.gov/
HCM Advisory Service GmbH,https://www.thehartford.com/careers
Healthcare IT Leaders,https://jobs.healthcareitleaders.com/job-search
Hexaware Technologies,https://www.linkedin.com/company/hexaware-technologies/jobs
Hicks Professional Group,https://hickspro.com/career-portal/
Hitachi Solutions,https://careers.hitachi.com/
HR Path,https://hr-path.com/en/careers/
HRMS Consulting Group,https://careers.mantu.com/brands/hrms-consulting
Huron,https://www.huronconsultinggroup.com/company/careers
i8CLOUD,https://www.costco.com/careers.html
Impact Advisors,https://www.impact-advisors.com/careers/
Infosys,https://www.infosys.com/careers.html
Intecrowd,https://intecrowd.com/careers/current-openings/
Invisors,https://www.invisors.com/careers
Jade Global Inc.,https://www.jadeglobal.com/careers
Kainos,https://careers.kainos.com/gb/en/home
Kognitiv,https://careers.kognitivinc.com/
Loop Consulting,https://www.slalom.com/us/en/careers
Loop Recruiting,https://calcareers.ca.gov/
LRB Group,https://www.hubgroup.com/careers/
Lucas Kennedy Ltd,https://www.coca-colacompany.com/careers
Macro Solutions,https://macrosolutions.com/careers/
Macrospect,https://macrospect.net/careers/
Makse Group,https://www.maksegroup.com/careers
Mando,https://mondo.com/jobs/
Mercer,https://www.mercer.com/en-us/careers/mercer-careers/
"Meridian Partners, LLC",https://meridianpartners.catsone.com/careers/99505-General
MHP Management- und IT-Beratung GmbH,https://jobs.mhp.com/index.php?ac=jobad&id=15271&language=1
Mivada Pty Ltd,https://www.mivada.com/careers
Oakland Consulting Group,"https://www.indeed.com/l-Oakland,-CA-jobs.html"
OneSource Virtual,https://www.onesourcevirtual.com/careers
Ooloo Group,https://www.usajobs.gov/
Optimum Healthcare IT,https://www.linkedin.com/company/optimum-healthcare-it/jobs
Oxford Global Resources,https://www.oxfordcorp.com/all-jobs/
Planet Technology,https://careers.planet-technology.com/
Precision Task Group Inc.,https://www.ptg.com/careers
Premier International,https://premierinc.com/careers/
Preos Talent Limited,https://preos.co.uk/careers/
"PT. Metrodata Electronics, Tbk",https://livemtdl.azurewebsites.net/career
Remy Corporation,https://www.linkedin.com/jobs/remycorporation-jobs
"Rimini Street, Inc.",https://www.riministreet.com/company/careers/
"Samsung SDS Co., Ltd.",https://www.samsungsds.com/us/careers/about_careers.html
Select Tech Limited,https://www.select.com/about-us/careers/
Shearwater,https://shearwater.com/pages/careers
Skillsearch Limited,https://www.linkedin.com/company/skillsearch/jobs
"Slalom, LLC",https://www.slalom.com/us/en/careers
Smoothstack,https://smoothstack.com/careers/
Strada,https://careers.alight.com/strada/us/en/home
Strata Information Group,https://www.sigcorp.com/about/careers/
Symali,https://www.synchronycareers.com/
SystemsAccountants Ltd,https://join.systemsaccountants.com/jobs
TEKLEIGH,https://jobs.teck.com/careers?locale=en_US
The Groove,https://thegroove.io/careers
